timestamp,left_gaze_point_on_display_area,left_gaze_point_validity,right_gaze_point_on_display_area,right_gaze_point_validity,left_pupil_diameter,left_pupil_validity,right_pupil_diameter,right_pupil_validity
2024-04-19 10:34:20.252609,"(nan, nan)",0,"(nan, nan)",0,,0,,0
2024-04-19 10:34:20.276121,"(nan, nan)",0,"(nan, nan)",0,,0,,0
2024-04-19 10:34:20.294490,"(0.1136174127459526, 0.35540205240249634)",1,"(0.11404397338628769, 0.36022236943244934)",1,4.3770294189453125,1,4.5831146240234375,1
2024-04-19 10:34:20.310868,"(0.12057899683713913, 0.3464225232601166)",1,"(0.08907215297222137, 0.3487788438796997)",1,4.367431640625,1,4.6660614013671875,1
2024-04-19 10:34:20.327049,"(0.0978446751832962, 0.25703561305999756)",1,"(0.06838563829660416, 0.276467502117157)",1,4.6967315673828125,1,4.9359588623046875,1
2024-04-19 10:34:20.344540,"(0.09678386151790619, 0.2483810931444168)",1,"(0.06276699900627136, 0.26191040873527527)",1,4.709564208984375,1,4.96282958984375,1
2024-04-19 10:34:20.360619,"(0.0900254100561142, 0.24686163663864136)",1,"(0.052560120820999146, 0.2504134178161621)",1,4.73583984375,1,4.9811553955078125,1
2024-04-19 10:34:20.376490,"(0.0896025076508522, 0.24295322597026825)",1,"(0.04959680512547493, 0.24837103486061096)",1,4.739898681640625,1,4.989532470703125,1
2024-04-19 10:34:20.394243,"(0.08838051557540894, 0.24791564047336578)",1,"(0.049328677356243134, 0.2524019777774811)",1,4.7481536865234375,1,5.0031585693359375,1
2024-04-19 10:34:20.410563,"(0.08608392626047134, 0.2444704920053482)",1,"(0.051534540951251984, 0.2507094740867615)",1,4.7432861328125,1,5.0073394775390625,1
2024-04-19 10:34:20.427136,"(0.0825115293264389, 0.24186335504055023)",1,"(0.04930971562862396, 0.25021690130233765)",1,4.7476806640625,1,5.0145721435546875,1
2024-04-19 10:34:20.444702,"(0.08181115984916687, 0.24621373414993286)",1,"(0.04080326855182648, 0.2533125877380371)",1,4.74090576171875,1,4.9958648681640625,1
2024-04-19 10:34:20.460160,"(0.08454439043998718, 0.23859752714633942)",1,"(0.051397908478975296, 0.24331702291965485)",1,4.7489471435546875,1,4.9827728271484375,1
2024-04-19 10:34:20.476533,"(0.08558185398578644, 0.23138786852359772)",1,"(0.04993218183517456, 0.2446540743112564)",1,4.7400665283203125,1,4.9793548583984375,1
2024-04-19 10:34:20.494192,"(0.09118513017892838, 0.22076864540576935)",1,"(0.05105019360780716, 0.2439996898174286)",1,4.7395172119140625,1,4.9648284912109375,1
2024-04-19 10:34:20.509542,"(0.08683806657791138, 0.22773312032222748)",1,"(0.0469757504761219, 0.2405785620212555)",1,4.73077392578125,1,4.9698486328125,1
2024-04-19 10:34:20.526739,"(0.08170867711305618, 0.23255835473537445)",1,"(0.050157807767391205, 0.24108879268169403)",1,4.71221923828125,1,4.9494781494140625,1
2024-04-19 10:34:20.543926,"(0.08038860559463501, 0.2352871298789978)",1,"(0.05023713409900665, 0.23761548101902008)",1,4.6934661865234375,1,4.9407196044921875,1
2024-04-19 10:34:20.559553,"(0.07833974063396454, 0.23942896723747253)",1,"(0.05069873109459877, 0.2351764738559723)",1,4.6986083984375,1,4.9345855712890625,1
2024-04-19 10:34:20.576461,"(0.08458031713962555, 0.22344957292079926)",1,"(0.04957055300474167, 0.23750261962413788)",1,4.6975250244140625,1,4.9393768310546875,1
2024-04-19 10:34:20.593701,"(0.08401984721422195, 0.2233131229877472)",1,"(0.04882976412773132, 0.22844524681568146)",1,4.6897430419921875,1,4.9551849365234375,1
2024-04-19 10:34:20.609738,"(0.08334211260080338, 0.22383950650691986)",1,"(0.04574325680732727, 0.23370049893856049)",1,4.6912841796875,1,4.955230712890625,1
2024-04-19 10:34:20.626545,"(0.08915764838457108, 0.22137536108493805)",1,"(0.046919140964746475, 0.24062712490558624)",1,4.70269775390625,1,4.938323974609375,1
2024-04-19 10:34:20.643514,"(0.08683282881975174, 0.22918854653835297)",1,"(0.04497547075152397, 0.23669271171092987)",1,4.69622802734375,1,4.9373931884765625,1
2024-04-19 10:34:20.659265,"(0.08388558775186539, 0.22937437891960144)",1,"(0.04515863209962845, 0.23238146305084229)",1,4.6881256103515625,1,4.9329071044921875,1
2024-04-19 10:34:20.676127,"(0.08250176906585693, 0.22711798548698425)",1,"(0.05264304578304291, 0.23280782997608185)",1,4.6980438232421875,1,4.9286346435546875,1
2024-04-19 10:34:20.693095,"(0.08851221203804016, 0.2200903743505478)",1,"(0.048846833407878876, 0.23138770461082458)",1,4.6892242431640625,1,4.923828125,1
2024-04-19 10:34:20.709652,"(0.08989746868610382, 0.2183578461408615)",1,"(0.04481770843267441, 0.23020359873771667)",1,4.688507080078125,1,4.915435791015625,1
2024-04-19 10:34:20.726230,"(0.0886048898100853, 0.22462375462055206)",1,"(0.04611499235033989, 0.22717580199241638)",1,4.6925811767578125,1,4.91522216796875,1
2024-04-19 10:34:20.742948,"(0.08859480172395706, 0.22635848820209503)",1,"(0.04398242011666298, 0.2291092723608017)",1,4.683502197265625,1,4.91802978515625,1
2024-04-19 10:34:20.759257,"(0.08854261040687561, 0.2188320904970169)",1,"(0.04382847994565964, 0.2331475019454956)",1,4.680877685546875,1,4.91412353515625,1
2024-04-19 10:34:20.776195,"(0.08867567777633667, 0.21614207327365875)",1,"(0.047275811433792114, 0.23805157840251923)",1,4.677154541015625,1,4.900665283203125,1
2024-04-19 10:34:20.792627,"(0.08498454838991165, 0.22206684947013855)",1,"(0.03829360008239746, 0.24132898449897766)",1,4.66796875,1,4.93878173828125,1
2024-04-19 10:34:20.808926,"(0.08628466725349426, 0.21908466517925262)",1,"(0.038967784494161606, 0.2506539821624756)",1,4.6788177490234375,1,4.95159912109375,1
2024-04-19 10:34:20.826315,"(0.08283291757106781, 0.22447702288627625)",1,"(0.0433824323117733, 0.25413450598716736)",1,4.67181396484375,1,4.9355010986328125,1
2024-04-19 10:34:20.842534,"(0.0798579752445221, 0.2326165735721588)",1,"(0.043717995285987854, 0.2432403862476349)",1,4.6511383056640625,1,4.90618896484375,1
2024-04-19 10:34:20.859007,"(0.08060502260923386, 0.23021996021270752)",1,"(0.04306868463754654, 0.24347223341464996)",1,4.6496734619140625,1,4.8887176513671875,1
2024-04-19 10:34:20.875801,"(0.08356785029172897, 0.22523175179958344)",1,"(0.04365589842200279, 0.24402470886707306)",1,4.6516571044921875,1,4.892059326171875,1
2024-04-19 10:34:20.892469,"(0.08583369106054306, 0.22206063568592072)",1,"(0.046281762421131134, 0.24515192210674286)",1,4.6632080078125,1,4.9196929931640625,1
2024-04-19 10:34:20.908902,"(0.08248081803321838, 0.22397665679454803)",1,"(0.04742869362235069, 0.24899914860725403)",1,4.650238037109375,1,4.9163360595703125,1
2024-04-19 10:34:20.926051,"(0.08738480508327484, 0.21658791601657867)",1,"(0.04693230986595154, 0.2466328889131546)",1,4.65362548828125,1,4.919830322265625,1
2024-04-19 10:34:20.942711,"(0.08767154812812805, 0.21568132936954498)",1,"(0.045885734260082245, 0.24253393709659576)",1,4.6451263427734375,1,4.89752197265625,1
2024-04-19 10:34:20.959023,"(0.08933736383914948, 0.21154458820819855)",1,"(0.04200427979230881, 0.24515999853610992)",1,4.6461944580078125,1,4.9156646728515625,1
2024-04-19 10:34:20.975877,"(0.08705653995275497, 0.21171487867832184)",1,"(0.04044122248888016, 0.24437761306762695)",1,4.659423828125,1,4.9141845703125,1
2024-04-19 10:34:20.992230,"(0.08572885394096375, 0.21552154421806335)",1,"(0.0445365309715271, 0.23703423142433167)",1,4.6576385498046875,1,4.8976287841796875,1
2024-04-19 10:34:21.008984,"(0.08555033802986145, 0.21763311326503754)",1,"(0.043047767132520676, 0.2349628210067749)",1,4.670684814453125,1,4.9350738525390625,1
2024-04-19 10:34:21.025991,"(0.08485127985477448, 0.22092033922672272)",1,"(0.04589054733514786, 0.2257501780986786)",1,4.681243896484375,1,4.9423980712890625,1
2024-04-19 10:34:21.042270,"(0.08060850948095322, 0.22566841542720795)",1,"(0.041498295962810516, 0.2314009964466095)",1,4.6644744873046875,1,4.92266845703125,1
2024-04-19 10:34:21.058743,"(0.08318513631820679, 0.2207271158695221)",1,"(0.0474264994263649, 0.2341415137052536)",1,4.6691131591796875,1,4.912353515625,1
2024-04-19 10:34:21.075773,"(0.07954529672861099, 0.225951686501503)",1,"(0.042850203812122345, 0.2440352886915207)",1,4.66864013671875,1,4.91998291015625,1
2024-04-19 10:34:21.092054,"(0.08381269127130508, 0.22254928946495056)",1,"(0.04586540535092354, 0.24467594921588898)",1,4.68536376953125,1,4.91619873046875,1
2024-04-19 10:34:21.108772,"(0.08449449390172958, 0.2201913297176361)",1,"(0.04049395024776459, 0.2440847009420395)",1,4.6993865966796875,1,4.9547882080078125,1
2024-04-19 10:34:21.125605,"(0.08588709682226181, 0.2186288833618164)",1,"(0.03518844023346901, 0.24817250669002533)",1,4.7162017822265625,1,4.9744873046875,1
2024-04-19 10:34:21.142242,"(0.0887722596526146, 0.21272654831409454)",1,"(0.03749072551727295, 0.24033939838409424)",1,4.72796630859375,1,4.9420928955078125,1
2024-04-19 10:34:21.158800,"(0.09024491906166077, 0.21354269981384277)",1,"(0.03810342028737068, 0.2417594939470291)",1,4.7325897216796875,1,4.94873046875,1
2024-04-19 10:34:21.175568,"(0.0923079401254654, 0.21175839006900787)",1,"(0.04744372144341469, 0.24158909916877747)",1,4.74078369140625,1,4.946319580078125,1
2024-04-19 10:34:21.192019,"(0.09041645377874374, 0.21638698875904083)",1,"(0.043031804263591766, 0.24485571682453156)",1,4.7352294921875,1,4.95684814453125,1
2024-04-19 10:34:21.208741,"(0.08871277421712875, 0.22105903923511505)",1,"(0.04634058102965355, 0.24387644231319427)",1,4.7635650634765625,1,4.951202392578125,1
2024-04-19 10:34:21.225884,"(0.09038551896810532, 0.21978791058063507)",1,"(0.04549887776374817, 0.2412441521883011)",1,4.7798004150390625,1,4.965087890625,1
2024-04-19 10:34:21.242332,"(0.08953412622213364, 0.21949777007102966)",1,"(0.05146630108356476, 0.23493516445159912)",1,4.778839111328125,1,4.9961395263671875,1
2024-04-19 10:34:21.258527,"(0.08779807388782501, 0.22256457805633545)",1,"(0.048901088535785675, 0.23333100974559784)",1,4.7766571044921875,1,5.0017547607421875,1
2024-04-19 10:34:21.275379,"(0.08457621932029724, 0.2295789271593094)",1,"(0.04701683297753334, 0.23495447635650635)",1,4.7851715087890625,1,5.0211944580078125,1
2024-04-19 10:34:21.291709,"(0.0851920023560524, 0.23034913837909698)",1,"(0.04118168354034424, 0.2427113801240921)",1,4.7878570556640625,1,5.00994873046875,1
2024-04-19 10:34:21.308347,"(0.08827657997608185, 0.22602693736553192)",1,"(0.04899747669696808, 0.24265484511852264)",1,4.8167572021484375,1,5.0291595458984375,1
2024-04-19 10:34:21.325102,"(0.0856737494468689, 0.23108556866645813)",1,"(0.04569710046052933, 0.24290457367897034)",1,4.8335418701171875,1,5.03021240234375,1
2024-04-19 10:34:21.341750,"(0.08553668856620789, 0.2306717187166214)",1,"(0.04500845819711685, 0.2335899919271469)",1,4.844757080078125,1,5.052978515625,1
2024-04-19 10:34:21.358362,"(0.08603720366954803, 0.23150695860385895)",1,"(0.04779304191470146, 0.23636354506015778)",1,4.8356170654296875,1,5.062225341796875,1
2024-04-19 10:34:21.374992,"(0.08716866374015808, 0.23591633141040802)",1,"(0.052957188338041306, 0.250252902507782)",1,4.8361968994140625,1,5.055328369140625,1
2024-04-19 10:34:21.391669,"(0.08948899060487747, 0.2320084422826767)",1,"(0.056729163974523544, 0.2447083443403244)",1,4.8451080322265625,1,5.0589447021484375,1
2024-04-19 10:34:21.408348,"(0.08488994091749191, 0.2404814213514328)",1,"(0.053307659924030304, 0.25212472677230835)",1,4.847625732421875,1,5.0462188720703125,1
2024-04-19 10:34:21.425222,"(0.08181094378232956, 0.24507112801074982)",1,"(0.048791829496622086, 0.2462891787290573)",1,4.8597412109375,1,5.0623931884765625,1
2024-04-19 10:34:21.442149,"(0.08426347374916077, 0.23938120901584625)",1,"(0.0516628697514534, 0.2411167025566101)",1,4.87042236328125,1,5.085845947265625,1
2024-04-19 10:34:21.458501,"(0.0877254530787468, 0.23401415348052979)",1,"(0.057482555508613586, 0.244714617729187)",1,4.8742828369140625,1,5.1011962890625,1
2024-04-19 10:34:21.475300,"(0.08413037657737732, 0.24437540769577026)",1,"(0.06230104714632034, 0.24052080512046814)",1,4.8845672607421875,1,5.115509033203125,1
2024-04-19 10:34:21.491818,"(0.0851086676120758, 0.24081389605998993)",1,"(0.05694066733121872, 0.24470160901546478)",1,4.894256591796875,1,5.10455322265625,1
2024-04-19 10:34:21.508178,"(0.0835762768983841, 0.24426798522472382)",1,"(0.05297333374619484, 0.24337156116962433)",1,4.909759521484375,1,5.104736328125,1
2024-04-19 10:34:21.524825,"(0.08453764766454697, 0.24204902350902557)",1,"(0.05487774685025215, 0.24990403652191162)",1,4.9169464111328125,1,5.11090087890625,1
2024-04-19 10:34:21.541635,"(0.0859161987900734, 0.24088339507579803)",1,"(0.05564497783780098, 0.250814825296402)",1,4.9226226806640625,1,5.1192474365234375,1
2024-04-19 10:34:21.558260,"(0.08824919909238815, 0.24191275238990784)",1,"(0.06196437031030655, 0.25286865234375)",1,4.9340362548828125,1,5.13018798828125,1
2024-04-19 10:34:21.574939,"(0.08913866430521011, 0.2433982789516449)",1,"(0.06170964613556862, 0.2566866874694824)",1,4.9430694580078125,1,5.129150390625,1
2024-04-19 10:34:21.591603,"(0.08982738852500916, 0.24013751745224)",1,"(0.05708424374461174, 0.2614612281322479)",1,4.9439697265625,1,5.15045166015625,1
2024-04-19 10:34:21.608130,"(0.08912321925163269, 0.24572572112083435)",1,"(0.05726933479309082, 0.2607903480529785)",1,4.9608917236328125,1,5.148284912109375,1
2024-04-19 10:34:21.625101,"(0.07990559190511703, 0.2801065146923065)",1,"(0.06005535274744034, 0.2822990417480469)",1,4.970947265625,1,5.1490020751953125,1
2024-04-19 10:34:21.641550,"(0.08138088136911392, 0.27216678857803345)",1,"(0.059096310287714005, 0.2805890738964081)",1,4.972808837890625,1,5.1431121826171875,1
2024-04-19 10:34:21.657855,"(0.08492756634950638, 0.2696874439716339)",1,"(0.06286659091711044, 0.2810913324356079)",1,4.98736572265625,1,5.148162841796875,1
2024-04-19 10:34:21.674768,"(0.08597207069396973, 0.2717200219631195)",1,"(0.062224362045526505, 0.2791801989078522)",1,4.991943359375,1,5.159271240234375,1
2024-04-19 10:34:21.691515,"(0.08483423292636871, 0.2715644836425781)",1,"(0.06633047759532928, 0.2773526608943939)",1,4.999969482421875,1,5.157745361328125,1
2024-04-19 10:34:21.707762,"(0.08329244703054428, 0.272190123796463)",1,"(0.06576324999332428, 0.28556132316589355)",1,5.00909423828125,1,5.170318603515625,1
2024-04-19 10:34:21.724731,"(0.08284743130207062, 0.2734534740447998)",1,"(0.06819473206996918, 0.2850715219974518)",1,5.0267333984375,1,5.1789398193359375,1
2024-04-19 10:34:21.741230,"(0.08339802920818329, 0.276052862405777)",1,"(0.06746253371238708, 0.28338274359703064)",1,5.022491455078125,1,5.1815185546875,1
2024-04-19 10:34:21.757773,"(0.08397521078586578, 0.2757098376750946)",1,"(0.07343476265668869, 0.28279727697372437)",1,5.0149993896484375,1,5.189910888671875,1
2024-04-19 10:34:21.774631,"(0.08717473596334457, 0.27171704173088074)",1,"(0.07437767833471298, 0.2804628610610962)",1,5.0322265625,1,5.1920928955078125,1
2024-04-19 10:34:21.791210,"(0.08832681179046631, 0.2690340280532837)",1,"(0.06866138428449631, 0.2787143886089325)",1,5.047393798828125,1,5.1924896240234375,1
2024-04-19 10:34:21.807592,"(0.0851534903049469, 0.270826131105423)",1,"(0.06467662751674652, 0.28086498379707336)",1,5.041046142578125,1,5.207275390625,1
2024-04-19 10:34:21.824508,"(0.0842646136879921, 0.2754116952419281)",1,"(0.06267519295215607, 0.28703710436820984)",1,5.0459747314453125,1,5.2161712646484375,1
2024-04-19 10:34:21.841143,"(0.08453651517629623, 0.27811992168426514)",1,"(0.06886418908834457, 0.2857567071914673)",1,5.0558013916015625,1,5.219268798828125,1
2024-04-19 10:34:21.857468,"(0.08333434909582138, 0.27739766240119934)",1,"(0.07039874792098999, 0.2803734242916107)",1,5.066986083984375,1,5.2151031494140625,1
2024-04-19 10:34:21.874468,"(0.0828520655632019, 0.2821100354194641)",1,"(0.06574719399213791, 0.27165907621383667)",1,5.072906494140625,1,5.23046875,1
2024-04-19 10:34:21.891184,"(0.08393418043851852, 0.28252974152565)",1,"(0.06571651250123978, 0.2766343951225281)",1,5.07611083984375,1,5.2266082763671875,1
2024-04-19 10:34:21.907492,"(0.082314133644104, 0.28234413266181946)",1,"(0.06741994619369507, 0.27695807814598083)",1,5.0701141357421875,1,5.22381591796875,1
2024-04-19 10:34:21.924301,"(0.08361498266458511, 0.27918511629104614)",1,"(0.06022677570581436, 0.27808716893196106)",1,5.07427978515625,1,5.2294158935546875,1
2024-04-19 10:34:21.940880,"(0.08881814777851105, 0.2726458013057709)",1,"(0.06022694706916809, 0.280773401260376)",1,5.0772247314453125,1,5.252288818359375,1
2024-04-19 10:34:21.957307,"(0.08914519101381302, 0.2689184546470642)",1,"(0.06212488189339638, 0.26781991124153137)",1,5.0809326171875,1,5.245849609375,1
2024-04-19 10:34:21.974253,"(0.08868568390607834, 0.27196526527404785)",1,"(0.06702066957950592, 0.2707776725292206)",1,5.0923919677734375,1,5.2354278564453125,1
2024-04-19 10:34:21.990791,"(0.09000126272439957, 0.2779269218444824)",1,"(0.06392142176628113, 0.2719455361366272)",1,5.0938262939453125,1,5.22509765625,1
2024-04-19 10:34:22.007265,"(0.09265444427728653, 0.2794058322906494)",1,"(0.07314073294401169, 0.27663454413414)",1,5.093505859375,1,5.216461181640625,1
2024-04-19 10:34:22.024479,"(0.08672422915697098, 0.27549606561660767)",1,"(0.06633339077234268, 0.27042922377586365)",1,5.08795166015625,1,5.2277679443359375,1
2024-04-19 10:34:22.040934,"(0.08954067528247833, 0.26868072152137756)",1,"(0.0724947452545166, 0.2640765905380249)",1,5.082672119140625,1,5.2263031005859375,1
2024-04-19 10:34:22.057481,"(0.09366842359304428, 0.2661804258823395)",1,"(0.07180505245923996, 0.2575201690196991)",1,5.0799560546875,1,5.243133544921875,1
2024-04-19 10:34:22.074221,"(0.09211840480566025, 0.2667662799358368)",1,"(0.07605510950088501, 0.2533271014690399)",1,5.080841064453125,1,5.2474365234375,1
2024-04-19 10:34:22.090708,"(0.09202015399932861, 0.26481762528419495)",1,"(0.06468217074871063, 0.26546406745910645)",1,5.0833587646484375,1,5.2475433349609375,1
2024-04-19 10:34:22.107198,"(0.09264420717954636, 0.2653031349182129)",1,"(0.07380849868059158, 0.2696985602378845)",1,5.0836944580078125,1,5.2208251953125,1
2024-04-19 10:34:22.124203,"(0.09202317148447037, 0.2648316025733948)",1,"(0.06628727167844772, 0.28341615200042725)",1,5.08428955078125,1,5.21649169921875,1
2024-04-19 10:34:22.140364,"(0.09030355513095856, 0.27151772379875183)",1,"(0.06793864071369171, 0.26876363158226013)",1,5.0764312744140625,1,5.2510986328125,1
2024-04-19 10:34:22.157359,"(0.09510129690170288, 0.26350992918014526)",1,"(0.06767319142818451, 0.26400718092918396)",1,5.082763671875,1,5.249481201171875,1
2024-04-19 10:34:22.174227,"(0.0915890783071518, 0.26751595735549927)",1,"(0.06860484182834625, 0.2795303165912628)",1,5.076416015625,1,5.2248992919921875,1
2024-04-19 10:34:22.190698,"(0.08881270885467529, 0.27245911955833435)",1,"(0.06741490960121155, 0.27390947937965393)",1,5.0598907470703125,1,5.2326202392578125,1
2024-04-19 10:34:22.206701,"(0.09153031557798386, 0.2682645618915558)",1,"(0.06839016824960709, 0.27188074588775635)",1,5.067474365234375,1,5.20855712890625,1
2024-04-19 10:34:22.223980,"(0.09210110455751419, 0.26824453473091125)",1,"(0.07225215435028076, 0.26793786883354187)",1,5.066162109375,1,5.1944122314453125,1
2024-04-19 10:34:22.241035,"(0.08927173912525177, 0.27029192447662354)",1,"(0.06961660087108612, 0.2693309783935547)",1,5.05767822265625,1,5.1912078857421875,1
2024-04-19 10:34:22.257090,"(0.08868439495563507, 0.2693338990211487)",1,"(0.07438535988330841, 0.264300137758255)",1,5.05206298828125,1,5.1863861083984375,1
2024-04-19 10:34:22.273937,"(0.092226542532444, 0.266239196062088)",1,"(0.07191909104585648, 0.2642427086830139)",1,5.04046630859375,1,5.179931640625,1
2024-04-19 10:34:22.290420,"(0.09215238690376282, 0.26238763332366943)",1,"(0.07327679544687271, 0.26464128494262695)",1,5.03271484375,1,5.17034912109375,1
2024-04-19 10:34:22.306987,"(0.09453026950359344, 0.26056331396102905)",1,"(0.07274365425109863, 0.2652854323387146)",1,5.02374267578125,1,5.163604736328125,1
2024-04-19 10:34:22.323945,"(0.09399931877851486, 0.25965219736099243)",1,"(0.06221560388803482, 0.27303221821784973)",1,5.0076904296875,1,5.115692138671875,1
2024-04-19 10:34:22.340636,"(0.09523844718933105, 0.2505743205547333)",1,"(0.0651264414191246, 0.2795178294181824)",1,4.9930877685546875,1,5.1493377685546875,1
2024-04-19 10:34:22.356661,"(0.09244561195373535, 0.2579875588417053)",1,"(0.06129184737801552, 0.2854926586151123)",1,4.97119140625,1,5.131134033203125,1
2024-04-19 10:34:22.373819,"(0.08832854777574539, 0.25850117206573486)",1,"(0.06674247980117798, 0.28434860706329346)",1,4.944000244140625,1,5.1135101318359375,1
2024-04-19 10:34:22.390080,"(0.09087996184825897, 0.25318193435668945)",1,"(0.06275076419115067, 0.29100123047828674)",1,4.935638427734375,1,5.0973052978515625,1
2024-04-19 10:34:22.406792,"(0.09174341708421707, 0.2543466091156006)",1,"(0.06644818186759949, 0.29258406162261963)",1,4.9296112060546875,1,5.087799072265625,1
2024-04-19 10:34:22.424171,"(0.08854307979345322, 0.2594687044620514)",1,"(0.06787807494401932, 0.2939244210720062)",1,4.9140777587890625,1,5.0784759521484375,1
2024-04-19 10:34:22.440320,"(0.08852691203355789, 0.26372113823890686)",1,"(0.0694330558180809, 0.29721128940582275)",1,4.9021453857421875,1,5.0691986083984375,1
2024-04-19 10:34:22.456655,"(0.08665952831506729, 0.264942467212677)",1,"(0.0627741888165474, 0.2953854203224182)",1,4.8938446044921875,1,5.0595245361328125,1
2024-04-19 10:34:22.473618,"(0.08598282188177109, 0.26362138986587524)",1,"(0.06093551218509674, 0.29197442531585693)",1,4.8841400146484375,1,5.049468994140625,1
2024-04-19 10:34:22.489970,"(0.08502505719661713, 0.26312941312789917)",1,"(0.06120987981557846, 0.29332953691482544)",1,4.8744964599609375,1,5.047119140625,1
2024-04-19 10:34:22.506405,"(0.08816299587488174, 0.2763434946537018)",1,"(0.069711834192276, 0.3053320348262787)",1,4.8539886474609375,1,5.0424957275390625,1
2024-04-19 10:34:22.523145,"(0.09014881402254105, 0.2783881723880768)",1,"(0.07282652705907822, 0.31329116225242615)",1,4.83795166015625,1,5.03955078125,1
2024-04-19 10:34:22.539758,"(0.09069237858057022, 0.27300235629081726)",1,"(0.07515785098075867, 0.3092775344848633)",1,4.838714599609375,1,5.038665771484375,1
2024-04-19 10:34:22.556660,"(0.09250845015048981, 0.27518489956855774)",1,"(0.07335023581981659, 0.3062669336795807)",1,4.8444061279296875,1,5.0258026123046875,1
2024-04-19 10:34:22.573391,"(0.09545345604419708, 0.26478350162506104)",1,"(0.07299882918596268, 0.29758578538894653)",1,4.8434295654296875,1,5.027313232421875,1
2024-04-19 10:34:22.590030,"(0.09267877042293549, 0.26657962799072266)",1,"(0.07326430827379227, 0.29749932885169983)",1,4.820587158203125,1,5.0394744873046875,1
2024-04-19 10:34:22.606604,"(0.09233839809894562, 0.27158814668655396)",1,"(0.07075049728155136, 0.2963694930076599)",1,4.8174285888671875,1,5.03912353515625,1
2024-04-19 10:34:22.623080,"(0.09033681452274323, 0.27474674582481384)",1,"(0.07102029770612717, 0.30087020993232727)",1,4.8175048828125,1,5.032501220703125,1
2024-04-19 10:34:22.639573,"(0.09109435230493546, 0.26679879426956177)",1,"(0.06852063536643982, 0.3071311414241791)",1,4.81793212890625,1,5.0235443115234375,1
2024-04-19 10:34:22.656300,"(0.0958389937877655, 0.26332178711891174)",1,"(0.06703659147024155, 0.3107002377510071)",1,4.812469482421875,1,5.0192108154296875,1
2024-04-19 10:34:22.673117,"(0.09389813244342804, 0.2660966217517853)",1,"(0.06581228971481323, 0.31736940145492554)",1,4.805511474609375,1,5.0114898681640625,1
2024-04-19 10:34:22.689727,"(0.09652236104011536, 0.2643249034881592)",1,"(0.06696660071611404, 0.3099185824394226)",1,4.815460205078125,1,5.010894775390625,1
2024-04-19 10:34:22.706119,"(0.09615187346935272, 0.26188528537750244)",1,"(0.07181759178638458, 0.31059956550598145)",1,4.8070220947265625,1,5.02484130859375,1
2024-04-19 10:34:22.722930,"(0.09595178067684174, 0.26504701375961304)",1,"(0.07441549003124237, 0.30550652742385864)",1,4.7924041748046875,1,5.0180206298828125,1
2024-04-19 10:34:22.739475,"(0.09397740662097931, 0.26343047618865967)",1,"(0.07444131374359131, 0.30768489837646484)",1,4.774993896484375,1,4.9989166259765625,1
2024-04-19 10:34:22.756077,"(0.13268254697322845, 0.24661867320537567)",1,"(0.1277383416891098, 0.3074016869068146)",1,4.7991790771484375,1,5.0066986083984375,1
2024-04-19 10:34:22.772772,"(0.2012845128774643, 0.24022623896598816)",1,"(0.1761060208082199, 0.29471349716186523)",1,4.7849884033203125,1,4.97271728515625,1
2024-04-19 10:34:22.789544,"(0.20389509201049805, 0.23633824288845062)",1,"(0.188466876745224, 0.2859596312046051)",1,4.78265380859375,1,4.9786376953125,1
2024-04-19 10:34:22.806073,"(0.19667905569076538, 0.2443266659975052)",1,"(0.18825450539588928, 0.2859916687011719)",1,4.7666778564453125,1,4.961578369140625,1
2024-04-19 10:34:22.822730,"(0.201872318983078, 0.2501720190048218)",1,"(0.19408796727657318, 0.2767757475376129)",1,4.7695465087890625,1,4.9474029541015625,1
2024-04-19 10:34:22.839264,"(0.20226195454597473, 0.2390912026166916)",1,"(0.19351263344287872, 0.28036803007125854)",1,4.7709808349609375,1,4.950347900390625,1
2024-04-19 10:34:22.855900,"(0.20195703208446503, 0.2410571575164795)",1,"(0.20139944553375244, 0.27564525604248047)",1,4.7593841552734375,1,4.9633026123046875,1
2024-04-19 10:34:22.872971,"(0.21106623113155365, 0.24135510623455048)",1,"(0.19621577858924866, 0.26762017607688904)",1,4.763092041015625,1,4.9611663818359375,1
2024-04-19 10:34:22.889203,"(0.20835085213184357, 0.23356978595256805)",1,"(0.19435997307300568, 0.26476505398750305)",1,4.762359619140625,1,4.9705047607421875,1
2024-04-19 10:34:22.905746,"(0.20994128286838531, 0.2299365997314453)",1,"(0.19090941548347473, 0.27238336205482483)",1,4.7671966552734375,1,4.954315185546875,1
2024-04-19 10:34:22.922718,"(0.2092408388853073, 0.2305811643600464)",1,"(0.19791783392429352, 0.2892410457134247)",1,4.7671356201171875,1,4.9403228759765625,1
2024-04-19 10:34:22.939201,"(0.2305372804403305, 0.2302144467830658)",1,"(0.224661722779274, 0.29874181747436523)",1,4.7570953369140625,1,4.9268951416015625,1
2024-04-19 10:34:22.955664,"(0.274606317281723, 0.23487946391105652)",1,"(0.2782684564590454, 0.3013998568058014)",1,4.7418670654296875,1,4.923126220703125,1
2024-04-19 10:34:22.972501,"(0.2706391215324402, 0.2354016900062561)",1,"(0.27699795365333557, 0.29906243085861206)",1,4.751983642578125,1,4.9225311279296875,1
2024-04-19 10:34:22.989298,"(0.27419552206993103, 0.23599128425121307)",1,"(0.271055668592453, 0.302774578332901)",1,4.7555694580078125,1,4.9181976318359375,1
2024-04-19 10:34:23.005730,"(0.27322107553482056, 0.23715266585350037)",1,"(0.27731600403785706, 0.3045111298561096)",1,4.7424468994140625,1,4.9204254150390625,1
2024-04-19 10:34:23.022802,"(0.27814826369285583, 0.23311445116996765)",1,"(0.27266383171081543, 0.3087097406387329)",1,4.74462890625,1,4.9239501953125,1
2024-04-19 10:34:23.039276,"(0.2787356376647949, 0.2295132428407669)",1,"(0.2739083170890808, 0.31185227632522583)",1,4.75286865234375,1,4.9278564453125,1
2024-04-19 10:34:23.055799,"(0.2757233679294586, 0.23146463930606842)",1,"(0.2749643623828888, 0.3090936541557312)",1,4.745574951171875,1,4.932769775390625,1
2024-04-19 10:34:23.072463,"(0.2764245271682739, 0.22762452065944672)",1,"(0.2795563340187073, 0.3102952241897583)",1,4.7487335205078125,1,4.91851806640625,1
2024-04-19 10:34:23.089146,"(0.2774028480052948, 0.2299046814441681)",1,"(0.27312207221984863, 0.30084073543548584)",1,4.7505340576171875,1,4.9234619140625,1
2024-04-19 10:34:23.105736,"(0.27727511525154114, 0.23269061744213104)",1,"(0.2711993157863617, 0.3025110065937042)",1,4.755615234375,1,4.922515869140625,1
2024-04-19 10:34:23.122290,"(0.2777891457080841, 0.23517565429210663)",1,"(0.27540427446365356, 0.29927679896354675)",1,4.75775146484375,1,4.9066314697265625,1
2024-04-19 10:34:23.138880,"(0.27675309777259827, 0.24197176098823547)",1,"(0.2719822824001312, 0.29293230175971985)",1,4.748016357421875,1,4.9048614501953125,1
2024-04-19 10:34:23.155736,"(0.2740207314491272, 0.23614127933979034)",1,"(0.2680327594280243, 0.2854982912540436)",1,4.74041748046875,1,4.8939208984375,1
2024-04-19 10:34:23.172193,"(0.27802011370658875, 0.2436075061559677)",1,"(0.27530455589294434, 0.29370296001434326)",1,4.7352142333984375,1,4.8650054931640625,1
2024-04-19 10:34:23.188876,"(0.2788255512714386, 0.24962680041790009)",1,"(0.26472997665405273, 0.2848321497440338)",1,4.7324066162109375,1,4.874237060546875,1
2024-04-19 10:34:23.205364,"(0.2748901844024658, 0.24770770967006683)",1,"(0.2700185477733612, 0.2871467173099518)",1,4.7193603515625,1,4.86968994140625,1
2024-04-19 10:34:23.222175,"(0.3015318512916565, 0.22867490351200104)",1,"(0.2924264371395111, 0.27345606684684753)",1,4.701507568359375,1,4.85418701171875,1
2024-04-19 10:34:23.238788,"(0.307145357131958, 0.22023998200893402)",1,"(0.31022611260414124, 0.26371556520462036)",1,4.7026519775390625,1,4.83209228515625,1
2024-04-19 10:34:23.255076,"(0.3157290816307068, 0.22079575061798096)",1,"(0.3060837984085083, 0.2593671977519989)",1,4.689483642578125,1,4.81597900390625,1
2024-04-19 10:34:23.272087,"(0.3139967620372772, 0.21896010637283325)",1,"(0.30476057529449463, 0.26284149289131165)",1,4.674530029296875,1,4.80413818359375,1
2024-04-19 10:34:23.288563,"(0.3095528483390808, 0.21718232333660126)",1,"(0.30397680401802063, 0.26040491461753845)",1,4.657379150390625,1,4.799896240234375,1
2024-04-19 10:34:23.305240,"(0.314548522233963, 0.21990595757961273)",1,"(0.3058711290359497, 0.252725213766098)",1,4.6389007568359375,1,4.7827911376953125,1
2024-04-19 10:34:23.321990,"(0.31454646587371826, 0.2201320230960846)",1,"(0.30556541681289673, 0.2578362822532654)",1,4.611114501953125,1,4.7519683837890625,1
2024-04-19 10:34:23.338541,"(0.3113570213317871, 0.2137031853199005)",1,"(0.3037080764770508, 0.25943610072135925)",1,4.5970001220703125,1,4.7381744384765625,1
2024-04-19 10:34:23.355143,"(0.31338369846343994, 0.21609756350517273)",1,"(0.3066704273223877, 0.26123833656311035)",1,4.5728759765625,1,4.7202301025390625,1
2024-04-19 10:34:23.372168,"(0.3120807111263275, 0.21032392978668213)",1,"(0.30278268456459045, 0.261167973279953)",1,4.560546875,1,4.6973419189453125,1
2024-04-19 10:34:23.388511,"(0.3125641644001007, 0.2207273542881012)",1,"(0.3013729155063629, 0.26542967557907104)",1,4.5359344482421875,1,4.6938934326171875,1
2024-04-19 10:34:23.404938,"(0.3133544325828552, 0.2175890952348709)",1,"(0.30371084809303284, 0.269890695810318)",1,4.523468017578125,1,4.677093505859375,1
2024-04-19 10:34:23.421957,"(0.30759596824645996, 0.20826871693134308)",1,"(0.3045215904712677, 0.27212831377983093)",1,4.5032196044921875,1,4.646697998046875,1
2024-04-19 10:34:23.438164,"(0.3090443015098572, 0.21302242577075958)",1,"(0.3066060245037079, 0.26899418234825134)",1,4.4871826171875,1,4.6304931640625,1
2024-04-19 10:34:23.454915,"(0.30761849880218506, 0.2079235166311264)",1,"(0.2987503409385681, 0.2700810134410858)",1,4.462310791015625,1,4.609893798828125,1
2024-04-19 10:34:23.471895,"(0.33959057927131653, 0.19229058921337128)",1,"(0.3222782611846924, 0.25796839594841003)",1,4.4288330078125,1,4.577423095703125,1
2024-04-19 10:34:23.488358,"(0.35175010561943054, 0.1899433583021164)",1,"(0.3328249454498291, 0.2404160350561142)",1,4.430633544921875,1,4.5764923095703125,1
2024-04-19 10:34:23.505020,"(0.3459884822368622, 0.18503332138061523)",1,"(0.33205410838127136, 0.2497052252292633)",1,4.4092254638671875,1,4.557525634765625,1
2024-04-19 10:34:23.521681,"(0.3424471914768219, 0.17987336218357086)",1,"(0.33441218733787537, 0.24882617592811584)",1,4.378387451171875,1,4.53857421875,1
2024-04-19 10:34:23.538091,"(0.34184515476226807, 0.18660077452659607)",1,"(0.3312748372554779, 0.2429393082857132)",1,4.36865234375,1,4.5121612548828125,1
2024-04-19 10:34:23.554854,"(0.3421989679336548, 0.18879888951778412)",1,"(0.32729825377464294, 0.244132861495018)",1,4.342071533203125,1,4.49053955078125,1
2024-04-19 10:34:23.571634,"(0.3437750041484833, 0.19235917925834656)",1,"(0.32701247930526733, 0.24896764755249023)",1,4.31353759765625,1,4.463409423828125,1
2024-04-19 10:34:23.588241,"(0.346494197845459, 0.19250208139419556)",1,"(0.32317405939102173, 0.25031766295433044)",1,4.304595947265625,1,4.4326934814453125,1
2024-04-19 10:34:23.604737,"(0.34159746766090393, 0.19046682119369507)",1,"(0.32152533531188965, 0.24881349503993988)",1,4.269073486328125,1,4.4127655029296875,1
2024-04-19 10:34:23.621544,"(0.34285402297973633, 0.18975651264190674)",1,"(0.32182326912879944, 0.25208964943885803)",1,4.22808837890625,1,4.385711669921875,1
2024-04-19 10:34:23.637983,"(0.3426532745361328, 0.18539687991142273)",1,"(0.32472139596939087, 0.2523784637451172)",1,4.2173309326171875,1,4.3715667724609375,1
2024-04-19 10:34:23.654693,"(0.345187246799469, 0.18871907889842987)",1,"(0.3238725960254669, 0.2438647449016571)",1,4.1988983154296875,1,4.3371429443359375,1
2024-04-19 10:34:23.671649,"(0.3405933976173401, 0.18628492951393127)",1,"(0.32546883821487427, 0.24678049981594086)",1,4.1596832275390625,1,4.3061676025390625,1
2024-04-19 10:34:23.688036,"(0.3392243981361389, 0.17901109158992767)",1,"(0.3262243866920471, 0.24979469180107117)",1,4.14776611328125,1,4.290740966796875,1
2024-04-19 10:34:23.704712,"(0.3426726758480072, 0.18331187963485718)",1,"(0.32778167724609375, 0.24428775906562805)",1,4.1333465576171875,1,4.2733154296875,1
2024-04-19 10:34:23.721452,"(0.3455555737018585, 0.17596392333507538)",1,"(0.3238758444786072, 0.23708699643611908)",1,4.10638427734375,1,4.2567291259765625,1
2024-04-19 10:34:23.738228,"(0.34878963232040405, 0.1711898297071457)",1,"(0.3267502784729004, 0.2388148158788681)",1,4.0870361328125,1,4.240631103515625,1
2024-04-19 10:34:23.754737,"(0.3493461012840271, 0.1740618646144867)",1,"(0.32666683197021484, 0.24391411244869232)",1,4.0748748779296875,1,4.22027587890625,1
2024-04-19 10:34:23.771589,"(0.34846341609954834, 0.18391677737236023)",1,"(0.32481011748313904, 0.2433161735534668)",1,4.0617828369140625,1,4.2043609619140625,1
2024-04-19 10:34:23.787982,"(0.34978151321411133, 0.18079829216003418)",1,"(0.32916146516799927, 0.24105694890022278)",1,4.044921875,1,4.1912384033203125,1
2024-04-19 10:34:23.804563,"(0.374126136302948, 0.17620496451854706)",1,"(0.3460465669631958, 0.23202559351921082)",1,4.0198822021484375,1,4.174163818359375,1
2024-04-19 10:34:23.821369,"(0.40178385376930237, 0.17419178783893585)",1,"(0.3700992166996002, 0.2118901163339615)",1,3.985382080078125,1,4.1497802734375,1
2024-04-19 10:34:23.837965,"(0.39814502000808716, 0.18886837363243103)",1,"(0.3718198835849762, 0.21318288147449493)",1,3.984954833984375,1,4.1304779052734375,1
2024-04-19 10:34:23.854319,"(0.39814573526382446, 0.18753714859485626)",1,"(0.3698785901069641, 0.21630674600601196)",1,3.9624786376953125,1,4.117889404296875,1
2024-04-19 10:34:23.871116,"(0.4034242033958435, 0.17945486307144165)",1,"(0.36815935373306274, 0.20812980830669403)",1,3.933837890625,1,4.0977325439453125,1
2024-04-19 10:34:23.887706,"(0.40502747893333435, 0.17421796917915344)",1,"(0.36870622634887695, 0.19896747171878815)",1,3.9238739013671875,1,4.0870513916015625,1
2024-04-19 10:34:23.904410,"(0.40632200241088867, 0.16837602853775024)",1,"(0.368801474571228, 0.19506673514842987)",1,3.9041900634765625,1,4.072357177734375,1
2024-04-19 10:34:23.920945,"(0.40543320775032043, 0.17686453461647034)",1,"(0.37126797437667847, 0.21045275032520294)",1,3.882171630859375,1,4.0649566650390625,1
2024-04-19 10:34:23.937815,"(0.4065162241458893, 0.17694172263145447)",1,"(0.3754054009914398, 0.23004843294620514)",1,3.862152099609375,1,4.0684356689453125,1
2024-04-19 10:34:23.954327,"(0.41141971945762634, 0.16499380767345428)",1,"(0.3766171634197235, 0.2127533257007599)",1,3.85406494140625,1,4.0278472900390625,1
2024-04-19 10:34:23.970987,"(0.41056573390960693, 0.17142069339752197)",1,"(0.37207043170928955, 0.221828430891037)",1,3.8233184814453125,1,4.0176239013671875,1
2024-04-19 10:34:23.987714,"(0.4058174192905426, 0.18375326693058014)",1,"(0.37222862243652344, 0.22000205516815186)",1,3.82061767578125,1,3.9909210205078125,1
2024-04-19 10:34:24.004107,"(0.40192705392837524, 0.17751632630825043)",1,"(0.3754299581050873, 0.24292469024658203)",1,3.803955078125,1,3.996734619140625,1
2024-04-19 10:34:24.020810,"(0.4080311357975006, 0.1712018847465515)",1,"(0.37562036514282227, 0.2412942349910736)",1,3.776458740234375,1,3.9893798828125,1
2024-04-19 10:34:24.037392,"(0.4081588387489319, 0.1723071038722992)",1,"(0.3691868782043457, 0.22214336693286896)",1,3.760284423828125,1,3.965057373046875,1
2024-04-19 10:34:24.054090,"(0.40825924277305603, 0.17070312798023224)",1,"(0.3732081949710846, 0.22916212677955627)",1,3.746429443359375,1,3.9619598388671875,1
2024-04-19 10:34:24.071017,"(0.4066077470779419, 0.1753968596458435)",1,"(0.3704569339752197, 0.222366601228714)",1,3.74615478515625,1,3.9521942138671875,1
2024-04-19 10:34:24.087681,"(0.41271525621414185, 0.17456474900245667)",1,"(0.3662649393081665, 0.2149955928325653)",1,3.7340087890625,1,3.9428863525390625,1
2024-04-19 10:34:24.103965,"(0.4119560122489929, 0.16756893694400787)",1,"(0.36536818742752075, 0.2159595936536789)",1,3.7212066650390625,1,3.9249725341796875,1
2024-04-19 10:34:24.120550,"(0.3992348611354828, 0.1922176033258438)",1,"(0.36353906989097595, 0.21647286415100098)",1,3.7379302978515625,1,3.92486572265625,1
2024-04-19 10:34:24.137336,"(0.41345465183258057, 0.16790272295475006)",1,"(0.3705354928970337, 0.2068762332201004)",1,3.7025146484375,1,3.9248046875,1
2024-04-19 10:34:24.154114,"(0.4255320131778717, 0.15957476198673248)",1,"(0.38277551531791687, 0.2114514261484146)",1,3.7021484375,1,3.92364501953125,1
2024-04-19 10:34:24.170906,"(0.41846781969070435, 0.1839558333158493)",1,"(0.3863258957862854, 0.20933039486408234)",1,3.71612548828125,1,3.9163818359375,1
2024-04-19 10:34:24.187621,"(0.4181346893310547, 0.18280014395713806)",1,"(0.37889572978019714, 0.20770001411437988)",1,3.710906982421875,1,3.90716552734375,1
2024-04-19 10:34:24.203713,"(0.4194587171077728, 0.18112798035144806)",1,"(0.37769922614097595, 0.21474578976631165)",1,3.7060546875,1,3.8976898193359375,1
2024-04-19 10:34:24.220759,"(0.42339205741882324, 0.17540955543518066)",1,"(0.3818821609020233, 0.20573902130126953)",1,3.6841583251953125,1,3.8866424560546875,1
2024-04-19 10:34:24.237263,"(0.4253535568714142, 0.17095793783664703)",1,"(0.39032185077667236, 0.23304913938045502)",1,3.671539306640625,1,3.903656005859375,1
2024-04-19 10:34:24.253911,"(0.42187225818634033, 0.16912268102169037)",1,"(0.38417840003967285, 0.23741962015628815)",1,3.665863037109375,1,3.90899658203125,1
2024-04-19 10:34:24.270602,"(0.42767709493637085, 0.17286832630634308)",1,"(0.3909308612346649, 0.23925423622131348)",1,3.681976318359375,1,3.9075469970703125,1
2024-04-19 10:34:24.287035,"(0.42907950282096863, 0.16949990391731262)",1,"(0.38387778401374817, 0.22084470093250275)",1,3.68353271484375,1,3.8772735595703125,1
2024-04-19 10:34:24.303892,"(0.4248797297477722, 0.1731882095336914)",1,"(0.38214537501335144, 0.23763060569763184)",1,3.68511962890625,1,3.894012451171875,1
2024-04-19 10:34:24.320230,"(0.260835736989975, 0.23083505034446716)",1,"(0.24633744359016418, 0.27106213569641113)",1,3.7082672119140625,1,3.9038238525390625,1
2024-04-19 10:34:24.337323,"(0.15227800607681274, 0.25866061449050903)",1,"(0.12291303277015686, 0.2600806951522827)",1,3.7060394287109375,1,3.8979949951171875,1
2024-04-19 10:34:24.353671,"(0.08181291073560715, 0.2632054388523102)",1,"(0.04073258116841316, 0.2790639102458954)",1,3.7025909423828125,1,3.904541015625,1
2024-04-19 10:34:24.370752,"(0.08476675301790237, 0.2724466025829315)",1,"(0.03664213418960571, 0.27498456835746765)",1,3.7091522216796875,1,3.9089508056640625,1
2024-04-19 10:34:24.387291,"(0.08552487939596176, 0.2661409378051758)",1,"(0.03770320490002632, 0.2719954550266266)",1,3.7123260498046875,1,3.9146575927734375,1
2024-04-19 10:34:24.403488,"(0.08512193709611893, 0.27058860659599304)",1,"(0.03564830869436264, 0.2699103057384491)",1,3.727447509765625,1,3.9114227294921875,1
2024-04-19 10:34:24.420315,"(0.08577831834554672, 0.2619525194168091)",1,"(0.03669546917080879, 0.2690914273262024)",1,3.7392425537109375,1,3.9108734130859375,1
2024-04-19 10:34:24.436751,"(0.08766812831163406, 0.2615552544593811)",1,"(0.03585151210427284, 0.2691013514995575)",1,3.75,1,3.911895751953125,1
2024-04-19 10:34:24.453469,"(0.08597993105649948, 0.2645767033100128)",1,"(0.03258607164025307, 0.26891055703163147)",1,3.7539215087890625,1,3.92236328125,1
2024-04-19 10:34:24.470320,"(0.08850390464067459, 0.25605717301368713)",1,"(0.033196236938238144, 0.2624436318874359)",1,3.77825927734375,1,3.9376373291015625,1
2024-04-19 10:34:24.486829,"(0.08728722482919693, 0.2549285590648651)",1,"(0.030665410682559013, 0.26507553458213806)",1,3.77490234375,1,3.9379425048828125,1
2024-04-19 10:34:24.503343,"(0.0876459851861, 0.2516053020954132)",1,"(0.02765701711177826, 0.2660785913467407)",1,3.7887725830078125,1,3.94439697265625,1
2024-04-19 10:34:24.520157,"(0.08854654431343079, 0.25897499918937683)",1,"(0.027665894478559494, 0.2670167088508606)",1,3.809478759765625,1,3.949798583984375,1
2024-04-19 10:34:24.536718,"(0.08865747600793839, 0.2585436999797821)",1,"(0.026866288855671883, 0.26451024413108826)",1,3.8028106689453125,1,3.9719696044921875,1
2024-04-19 10:34:24.553308,"(0.08421795815229416, 0.25126081705093384)",1,"(0.0277260672301054, 0.2592235505580902)",1,3.811279296875,1,3.9749603271484375,1
2024-04-19 10:34:24.570203,"(0.08504225313663483, 0.25986871123313904)",1,"(0.023240316659212112, 0.257820188999176)",1,3.835205078125,1,3.980682373046875,1
2024-04-19 10:34:24.586511,"(0.08466029912233353, 0.2637953460216522)",1,"(0.02691086195409298, 0.25909191370010376)",1,3.8435821533203125,1,3.985260009765625,1
2024-04-19 10:34:24.603203,"(0.08373914659023285, 0.2558804452419281)",1,"(0.0251693744212389, 0.26799261569976807)",1,3.8556671142578125,1,4.001861572265625,1
2024-04-19 10:34:24.620059,"(0.07850506901741028, 0.26707082986831665)",1,"(0.021916836500167847, 0.2596728205680847)",1,3.8721923828125,1,4.0126953125,1
2024-04-19 10:34:24.636464,"(0.07652972638607025, 0.2674587368965149)",1,"(0.02402433380484581, 0.26767927408218384)",1,3.8765869140625,1,4.0136871337890625,1
2024-04-19 10:34:24.653123,"(0.07579008489847183, 0.265453577041626)",1,"(0.02248862013220787, 0.2690414488315582)",1,3.8878326416015625,1,4.0378570556640625,1
2024-04-19 10:34:24.670016,"(0.07641991972923279, 0.2623177170753479)",1,"(0.021211452782154083, 0.2657254636287689)",1,3.918060302734375,1,4.0456085205078125,1
2024-04-19 10:34:24.686801,"(0.0771212950348854, 0.25962477922439575)",1,"(0.0198063924908638, 0.2679668664932251)",1,3.9383392333984375,1,4.0586395263671875,1
2024-04-19 10:34:24.702931,"(0.07727422565221786, 0.2607010006904602)",1,"(0.020465217530727386, 0.270569384098053)",1,3.954376220703125,1,4.07208251953125,1
2024-04-19 10:34:24.719686,"(0.07935153692960739, 0.2594507038593292)",1,"(0.017968859523534775, 0.2690620422363281)",1,3.9653472900390625,1,4.0904083251953125,1
2024-04-19 10:34:24.736759,"(0.07561714947223663, 0.2680935859680176)",1,"(0.02214992791414261, 0.2792481780052185)",1,3.976715087890625,1,4.133758544921875,1
2024-04-19 10:34:24.752778,"(0.07335399091243744, 0.2733297646045685)",1,"(0.02003399282693863, 0.2692803740501404)",1,3.99090576171875,1,4.1210174560546875,1
2024-04-19 10:34:24.769872,"(0.07775507122278214, 0.27189159393310547)",1,"(0.01813592202961445, 0.27094122767448425)",1,4.0190277099609375,1,4.1330108642578125,1
2024-04-19 10:34:24.786631,"(0.07454397529363632, 0.26862531900405884)",1,"(0.024712862446904182, 0.26855412125587463)",1,4.019256591796875,1,4.1485137939453125,1
2024-04-19 10:34:24.802730,"(0.07200949639081955, 0.26924026012420654)",1,"(0.021685784682631493, 0.2613067924976349)",1,4.03460693359375,1,4.1687469482421875,1
2024-04-19 10:34:24.820026,"(0.07947187125682831, 0.2687413692474365)",1,"(0.023670295253396034, 0.2618972957134247)",1,4.067779541015625,1,4.1906280517578125,1
2024-04-19 10:34:24.836074,"(0.0778980404138565, 0.26489776372909546)",1,"(0.024247542023658752, 0.2679486870765686)",1,4.074127197265625,1,4.20184326171875,1
2024-04-19 10:34:24.852612,"(0.07544729113578796, 0.26043131947517395)",1,"(0.022934526205062866, 0.26418864727020264)",1,4.0979461669921875,1,4.2152862548828125,1
2024-04-19 10:34:24.869946,"(0.07868116348981857, 0.25678807497024536)",1,"(0.02729884907603264, 0.2651524245738983)",1,4.119232177734375,1,4.22735595703125,1
2024-04-19 10:34:24.886542,"(0.07646279036998749, 0.2563307285308838)",1,"(0.027309492230415344, 0.26205891370773315)",1,4.1300506591796875,1,4.23870849609375,1
2024-04-19 10:34:24.902496,"(0.07932541519403458, 0.26073700189590454)",1,"(0.026363221928477287, 0.26794660091400146)",1,4.1499176025390625,1,4.2527008056640625,1
2024-04-19 10:34:24.919923,"(0.07959286123514175, 0.27267271280288696)",1,"(0.02642095275223255, 0.2667846381664276)",1,4.1634521484375,1,4.27081298828125,1
2024-04-19 10:34:24.935863,"(0.07791797071695328, 0.26741957664489746)",1,"(0.022166624665260315, 0.2723769247531891)",1,4.1770782470703125,1,4.2857818603515625,1
2024-04-19 10:34:24.952481,"(0.07607907801866531, 0.2704330384731293)",1,"(0.028040293604135513, 0.26469436287879944)",1,4.1895599365234375,1,4.2960968017578125,1
